id,bed_porosity,axial_dispersion,NRMSE
902c2095d85854b063a78a63e2467fa017320950687f2f3c8f8793e5cd423d2e,0.5376348079651411,1.986394271433874e-05,0.2899386009740388
