id,bed_porosity,axial_dispersion,NRMSE
58e961fc0f4a3b7489634034591d7693a047fc27d038c037d13202030fa17cba,0.5376109380670162,2.0231906408966574e-05,0.29018153712204137
eb17e0197e9db5fc17d625bf89ea9ebdd6278a25b3e42f0e801231654e3331c6,0.5509437380214601,1.9861187195997742e-05,0.290436933934133
902c2095d85854b063a78a63e2467fa017320950687f2f3c8f8793e5cd423d2e,0.5376348079651411,1.986394271433874e-05,0.2899386009740388
